Year,Month,Gold,Silver,Platinum,Palladium,Inflation
1990,4,374.5855263,5.059,478.0065789,127.0671053,6.2
1990,5,368.9535714,5.073047619,488.0892857,119.5369048,7.7
1990,6,352.4940476,4.918285714,481.347619,115.547619,8.2
1990,7,362.175,4.871,479.0886364,117.0829545,8.2
1990,8,394.7943182,5.001840909,491.8988636,115.6068182,8.2
1990,9,389.44125,4.803775,462.0475,105.2375,8.9
1990,10,381.0358696,4.389108696,424.4913043,95.50108696,9.2
1990,11,381.7954545,4.172886364,421.7227273,93.775,9.2
1990,12,377.0632353,4.074294118,421.5411765,89.97352941,9.2
1991,1,384.1147727,4.050409091,408.1818182,87.01136364,9.2
1991,2,363.78875,3.73765,386.58,84.34,8.6
1991,3,363.3625,3.948125,400.39375,86.10375,8.2
1991,4,358.2166667,3.982142857,397.3869048,96.59642857,8.3
1991,5,357.0309524,4.048285714,389.6392857,95.48452381,8
1991,6,366.5460526,4.387710526,375.5684211,97.09210526,7.5
1991,7,367.848913,4.3475,376.0521739,94.62065217,7.7
1991,8,356.5130952,3.9575,347.1416667,83.05357143,7.5
1991,9,348.5988095,4.03747619,349.0928571,81.92857143,7.5
1991,10,358.7565217,4.115391304,362.5043478,85.28478261,6.9
1991,11,360.0630952,4.072285714,364.9654762,85.33928571,6.5
1991,12,362.1041667,3.954527778,356.6388889,82.95555556,6.5
1992,1,354.4420455,4.121409091,341.4613636,82.99431818,6.5
1992,2,353.8825,4.1457,361.88625,85.49125,6.2
1992,3,344.4886364,4.110431818,356.8943182,84.39318182,6.3
1992,4,338.6725,4.0525,347.6425,83.46375,6.2
1992,5,337.1394737,4.074605263,358.2631579,82.74736842,5.2
1992,6,340.7943182,4.063909091,369.1715909,80.66477273,5.1
1992,7,352.5858696,3.967521739,383.2402174,87.03152174,4.6
1992,8,343.33,3.818425,359.75625,85.5125,4.5
1992,9,345.3647727,3.770159091,362.1340909,90.84886364,3.7
1992,10,344.3284091,3.749772727,358.0977273,94.72045455,3.7
1992,11,334.9702381,3.77102381,355.9107143,94.49404762,3.5
1992,12,334.8223684,3.731631579,362.5355263,106.6671053,3.3
1993,1,329.00125,3.68425,359.30375,109.8675,3.2
1993,2,329.31,3.659975,359.045,110.51875,3
1993,3,330.026087,3.647021739,350.2423913,106.2663043,3.1
1993,4,342.04875,3.964025,369.03875,114.72625,3.2
1993,5,367.1118421,4.455157895,384.8802632,119.55,2.6
1993,6,371.9022727,4.374840909,383.3147727,127.025,2.3
1993,7,392.1113636,5.019431818,403.1568182,139.4431818,2.2
1993,8,379.3166667,4.844857143,392.9928571,136.902381,2.3
1993,9,355.4181818,4.218522727,362.4772727,121.4284091,2.6
1993,10,364.0916667,4.34302381,367.9261905,129.6845238,2.7
1993,11,373.8829545,4.533159091,374.5147727,128.175,2.4
1993,12,382.9868421,4.957921053,382.1828947,124.7618421,2.1
1994,1,386.9925,5.1427,387.74125,124.31,2.3
1994,2,381.78375,5.247275,393.855,131.7825,2.6
1994,3,384.0641304,5.434956522,400.2847826,133.0347826,2.4
1994,4,377.5894737,5.308210526,396.3592105,133.5934211,2.2
1994,5,381.3775,5.42495,398.2875,136.10125,2.4
1994,6,385.6784091,5.387613636,401.3159091,137.1977273,2.4
1994,7,385.4702381,5.282571429,411.5547619,146.072619,2.3
1994,8,380.2806818,5.194522727,412.2193182,152.1477273,2.1
1994,9,391.4613636,5.523681818,417.2477273,152.9568182,2.2
1994,10,389.9678571,5.455095238,419.3309524,154.602381,1.9
1994,11,384.3829545,5.192409091,412.5136364,156.4715909,1.8
1994,12,379.2486111,4.780027778,409.2902778,153.4666667,2.1
1995,1,378.6440476,4.76947619,413.7238095,156.0535714,2.2
1995,2,376.6925,4.721725,414.03875,156.9125,2.4
1995,3,381.9695652,4.64826087,416.6978261,162.6978261,2.3
1995,4,391.1847222,5.503,448.7777778,169.7819444,2.4
1995,5,385.225,5.540547619,436.9130952,160.4869048,2.3
1995,6,387.5886364,5.363704545,438.4602273,158.5625,2.6
1995,7,386.1857143,5.164761905,433.5892857,155.3547619,2.7
1995,8,383.5784091,5.389909091,424.8170455,149.6454545,2.8
1995,9,382.9928571,5.434952381,429.8059524,143.4666667,2.7
1995,10,383.1693182,5.374136364,412.8034091,136.8852273,3
1995,11,385.2579545,5.315068182,413.2261364,134.2931818,3
1995,12,387.4735294,5.185352941,410.3735294,131.9132353,2.9
1996,1,399.0738636,5.479795455,416.1852273,129.6193182,3.1
1996,2,404.8404762,5.650047619,420.375,139.3409524,2.9
1996,3,396.3595238,5.529880952,411.1928571,138.1761905,3
1996,4,392.85875,5.4105,404.20625,136.35,3
1996,5,391.9619048,5.365857143,401.3619048,132.0488095,2.8
1996,6,385.25875,5.161325,392.59875,129.55375,2.8
1996,7,383.4652174,5.063978261,393.4597826,131.95,2.8
1996,8,387.4297619,5.129666667,400.1904762,127.0809524,2.7
1996,9,383.2130952,5.036547619,389.9797619,121.5988095,2.7
1996,10,380.9869565,4.927586957,384.1265217,117.5271739,2.7
1996,11,377.8595238,4.83147619,381.9642857,116.9940476,3
1996,12,369.1736111,4.822638889,370.4444444,117.1458333,3.1
1997,1,355.0647727,4.773613636,359.5477273,121.2102273,2.8
1997,2,346.49125,5.072175,364.84625,136.13375,2.6
1997,3,352.0592105,5.203157895,379.5921053,149.0236842,2.4
1997,4,344.5897727,4.772568182,371.0568182,153.5659091,2.2
1997,5,343.97,4.7594,389.3375,171.115,2.1
1997,6,340.7809524,4.755238095,431.0630952,203.1190476,2.1
1997,7,323.9423913,4.372434783,415.5326087,187.6684783,2.1
1997,8,324.00375,4.496175,425.325,213.8375,2.4
1997,9,322.7193182,4.731863636,424.8465909,190.8295455,2.3
1997,10,324.8630435,5.034804348,423.4565217,205.076087,2.2
1997,11,306.19125,5.077925,392.6,208.1625,2.2
1997,12,288.5552632,5.759078947,367.1539474,198.7697368,2.1
1998,1,289.1797619,5.881952381,374.7166667,225.4464286,1.9
1998,2,297.6175,6.831675,386.53125,236.8125,1.8
1998,3,295.9056818,6.242931818,398.7102273,262.2613636,1.8
1998,4,308.42125,6.332625,413.5,322.2,1.9
1998,5,299.0355263,5.561,389.1973684,353.9473684,2.1
1998,6,292.2704545,5.266704545,355.7954545,286.7840909,2.2
1998,7,292.8728261,5.455217391,378.0815217,306.4673913,1.9
1998,8,284.16875,5.182,369.6875,287.1125,1.7
1998,9,288.8215909,4.999204545,359.8352273,283.2272727,1.6
1998,10,296.2613636,4.99875,342.4715909,277.7613636,1.7
1998,11,294.1342105,4.970657895,346.5592105,276.5723684,1.6
1998,12,291.7447368,4.867236842,349.9144737,295.6578947,1.7
1999,1,287.225,5.146,354.31625,321.73125,1.9
1999,2,287.41125,5.530625,364.64375,350.98125,2
1999,3,286.1021739,5.190326087,370.298913,352.951087,1.9
1999,4,282.61875,5.066875,357.58625,360.51875,2.1
1999,5,276.6868421,5.269736842,355.8026316,328.9342105,2
1999,6,261.3579545,5.034318182,356.6136364,337.0431818,1.7
1999,7,256.1386364,5.17925,349.2784091,332.2386364,1.8
1999,8,256.8142857,5.272619048,349.952381,340.077381,1.7
1999,9,262.8559524,5.215,370.3333333,360.755,1.6
1999,10,311.1404762,5.411547619,421.9404762,387.0714286,1.6
1999,11,293.4170455,5.155113636,434.5795455,401.1590909,1.5
1999,12,283.2986842,5.157763158,439.9210526,423.5657895,1.5
2000,1,284.4525,5.188125,440.775,452.0125,1.5
2000,2,300.3595238,5.246547619,516.3333333,635.6904762,1.2
2000,3,286.5467391,5.063804348,480.0326087,666.0652174,1.2
2000,4,280.05,5.066323529,499.5294118,573.0588235,1
2000,5,275.2392857,4.985952381,526.0952381,570.452381,0.9
2000,6,285.55,4.997159091,558.875,647.0909091,1
2000,7,281.8690476,4.969166667,560.3809524,703.1547619,1.2
2000,8,274.4954545,4.884318182,577.6818182,760.375,1.2
2000,9,273.677381,4.890238095,592.4047619,728.3809524,1
2000,10,270.2011364,4.830227273,579.4204545,739.6477273,1.3
2000,11,265.9977273,4.679204545,593.4204545,783.9886364,1.4
2000,12,271.5882353,4.647647059,610.6470588,911.5588235,1.5
2001,1,265.7102273,4.662840909,621.5113636,1040.75,1.2
2001,2,261.94125,4.550375,601.2,973.425,1.2
2001,3,263.15,4.399659091,584.9886364,780.8636364,1.2
2001,4,260.6144737,4.367105263,594.8684211,697.2105263,1.3
2001,5,272.2059524,4.429047619,609.952381,654.6666667,1.5
2001,6,270.4845238,4.362619048,579.4166667,613.9166667,1.9
2001,7,267.6222727,4.254318182,531.375,525.2954545,1.9
2001,8,272.5215909,4.2,451.3125,455.1818182,1.7
2001,9,282.90625,4.35175,457.775,442.45,2.1
2001,10,283.1563043,4.401195652,431.673913,335.2336957,1.7
2001,11,276.2284091,4.121704545,429.5909091,328.6477273,1.6
2001,12,275.8544118,4.334264706,460.8235294,397.7352941,1.2
2002,1,281.78375,4.515375,473.3875,411.275,1.4
2002,2,295.58875,4.4225,471.25,374.2,1.8
2002,3,294.2025,4.532375,512.15,374.55,1.7
2002,4,302.772619,4.570952381,540.8809524,369.8571429,1.7
2002,5,314.4863636,4.707840909,534.4204545,356.6590909,1.6
2002,6,321.6573529,4.893382353,555.8529412,336.2205882,1.2
2002,7,313.4293478,4.914673913,526.2173913,322.6304348,1.1
2002,8,310.15,4.547261905,545.4166667,324.6904762,1.4
2002,9,318.9630952,4.553333333,555.8392857,327.7380952,1.3
2002,10,316.6521739,4.402934783,580.5434783,316.5869565,1.2
2002,11,319.2238095,4.5065,588.202381,285.5952381,1.5
2002,12,332.0222222,4.632127778,596.6597222,243.25,1.6
2003,1,356.8613636,4.812727273,629.625,257.2045455,1.7
2003,2,359.2725,4.652375,682.25,253.2,1.4
2003,3,341.05,4.528333333,675.7619048,224.8452381,1.6
2003,4,328.19375,4.4945,624.7,162.75,1.6
2003,5,355.54875,4.744125,650.725,167.1,1.5
2003,6,356.6321429,4.526190476,661.75,179.4880952,1.3
2003,7,350.8923913,4.796956522,681.9347826,173.2608696,1.2
2003,8,359.38,4.991,692.375,181.7625,1.3
2003,9,378.9022727,5.170795455,705.2954545,210.8863636,1.4
2003,10,379.0119565,5.002173913,732.3804348,201.4021739,1.3
2003,11,390.055,5.17775,759.975,197,1.3
2003,12,406.9789474,5.597105263,807.4736842,198.2828947,1.3
2004,1,414.1416667,6.316428571,851.3214286,216.2678571,1.3
2004,2,404.80375,6.440625,846.2125,235.04375,1.5
2004,3,406.3217391,7.225434783,899.5434783,268.9945652,1.4
2004,4,404.155,7.055,881.3375,296.675,1.2
2004,5,383.8526316,5.847368421,809.4342105,246.0315789,1.1
2004,6,392.0715909,5.861818182,807.3409091,229.5681818,1.4
2004,7,398.2659091,6.314090909,809.3295455,220.3693182,1.5
2004,8,400.1785714,6.659285714,847.3928571,215.5535714,1.4
2004,9,405.3272727,6.403409091,848.1818182,211.3636364,1.4
2004,10,420.3857143,7.095,842.8214286,218.0654762,1.2
2004,11,439.2227273,7.492613636,854.2954545,213.8522727,1.3
2004,12,442.675,7.130789474,849.1184211,192.4473684,1.5
2005,1,424.055,6.60925,858.8125,185.8125,1.8
2005,2,423.39,7.03,864.5875,182.5875,1.7
2005,3,434.3380952,7.256071429,867.74,197.4821429,1.7
2005,4,429.1869048,7.118809524,865.2857143,198.625,2
2005,5,422.3875,7.017125,866.65,185.4125,1.9
2005,6,430.4329545,7.310454545,880.2272727,186.5170455,1.9
2005,7,424.6119048,7.01452381,874.0119048,184.4880952,2
2005,8,437.8511364,7.041931818,899.2727273,186.7272727,2.3
2005,9,455.9875,7.153636364,914.6136364,188.8409091,2.4
2005,10,470.002381,7.67047619,931.0357143,207.625,2.5
2005,11,476.6715909,7.8725,962.8806818,245.7159091,2.4
2005,12,509.8222222,8.636944444,979.7222222,266.4027778,2.2
2006,1,549.6488095,9.153809524,1029.02381,273.6309524,2.1
2006,2,555.25625,9.534875,1041.4,289.4,2.2
2006,3,557.1543478,10.38423913,1041.521739,310.1956522,2.2
2006,4,611.2527778,12.61486111,1101.583333,353.0763889,2
2006,5,676.0880952,13.44857143,1264.357143,369.0714286,2.2
2006,6,597.0215909,10.79636364,1188.045455,315.9545455,2.4
2006,7,633.4130952,11.23238095,1228.988095,318.1845238,2.6
2006,8,632.0829545,12.1775,1233.727273,329.0568182,2.5
2006,9,599.1678571,11.67690476,1184.630952,323.2619048,2.6
2006,10,586.2136364,11.55863636,1083.840909,313.0340909,2.5
2006,11,627.3261364,12.93113636,1182.579545,324.5340909,2.5
2006,12,629.7544118,13.43823529,1122.029412,326.0147059,2.8
2007,1,630.7818182,12.79318182,1147.863636,336.8636364,2.9
2007,2,664.92375,13.91,1204.975,341.73125,2.7
2007,3,655.3977273,13.18431818,1219,349.9943182,2.7
2007,4,679.6881579,13.73842105,1278.289474,368.6447368,2.9
2007,5,667.5821429,13.14642857,1302.333333,367.4738095,2.7
2007,6,655.5952381,13.14404762,1286.738095,368.6071429,2.5
2007,7,665.2806818,12.90931818,1303.647727,366.2329545,2.5
2007,8,664.9545455,12.36318182,1264.420455,343.5852273,2
2007,9,711.64875,12.8335,1307.1,334.74375,2
2007,10,754.5423913,13.67043478,1410.23913,365.4347826,2
2007,11,808.6454545,14.70159091,1448.454545,362.9431818,2.3
2007,12,802.2485294,14.26911765,1483.794118,350.4264706,2.2
2008,1,886.9130952,15.92357143,1578.285714,373.8333333,2.3
2008,2,923.2904762,17.56904762,1997.380952,467.6428571,2.4
2008,3,969.7315789,19.50526316,2052.394737,489.5526316,2.6
2008,4,909.9452381,17.46761905,1986.5,446.2142857,2.6
2008,5,886.9671053,17.01105263,2047.947368,434.9342105,3
2008,6,889.5119048,16.96904762,2039.428571,448.9642857,3.3
2008,7,940.4695652,18.03391304,1910.217391,427.2608696,3.7
2008,8,839.74375,14.68575,1490.1875,315.975,4.2
2008,9,827.4261364,12.37295455,1224.295455,248.9204545,4.4
2008,10,809.7282609,10.41391304,913.4130435,190.8478261,4.8
2008,11,759.35625,9.86525,841.275,207.15,4.2
2008,12,816.3881579,10.25842105,837.9736842,176.0131579,3.8
2009,1,858.2083333,11.29142857,951.3333333,187.9761905,3
2009,2,941.4625,13.4125,1036.9,206.45,2.9
2009,3,925.1306818,13.11681818,1081.75,202.6022727,3.1
2009,4,891.43125,12.51475,1163.8,227.0375,2.8
2009,5,927.75,14.02894737,1132.026316,229.8421053,2.3
2009,6,946.6931818,14.65409091,1219.431818,245.8295455,2.1
2009,7,934.25,13.36173913,1161.76087,248.3913043,1.7
2009,8,949.44,14.3475,1244.625,275.475,1.6
2009,9,996.5170455,16.38954545,1289.193182,293.1590909,1.4
2009,10,1043.335227,17.23613636,1333.068182,321.7954545,1
2009,11,1126.577381,17.82130952,1401.404762,351.7380952,1.2
2009,12,1136.486842,17.72736842,1444.526316,372.2763158,1.5
2010,1,1118.76875,17.787,1563.275,434.1625,2.1
2010,2,1095.60625,15.873,1520.675,424.975,2.6
2010,3,1114.445652,17.10608696,1599.73913,461.326087,2.1
2010,4,1148.58125,18.0995,1716.525,533.5,2.4
2010,5,1204.877632,18.41842105,1626.394737,489.6578947,2.7
2010,6,1232.651136,18.45477273,1552.840909,461.8409091,2.5
2010,7,1194.482955,17.96045455,1526.181818,455.8977273,2.4
2010,8,1214.636905,18.35714286,1541.107143,488.1666667,2.3
2010,9,1271.210227,20.54977273,1591.556818,538.6931818,2.4
2010,10,1342.607143,23.39333333,1688.654762,591.7380952,2.4
2010,11,1370.835227,26.54090909,1694.511364,683.0681818,2.5
2010,12,1391.934211,29.29631579,1708.921053,752.7763158,2.6
2011,1,1358.4375,28.4025,1787,793.125,3.1
2011,2,1372.01875,30.7785,1825.95,820.975,3.4
2011,3,1423.429348,35.81347826,1769.076087,761.8478261,3.7
2011,4,1474.118056,41.96555556,1794.25,771.2222222,3.5
2011,5,1511.3125,36.75,1785.9,736.075,3.8
2011,6,1528.519318,35.795,1770.022727,770.7386364,3.8
2011,7,1570.667857,37.91714286,1758.47619,788.1309524,3.6
2011,8,1757.653409,40.29818182,1805.147727,763.4090909,3.8
2011,9,1776.244318,38.15454545,1751.920455,710.8409091,3.9
2011,10,1666.553571,31.9747619,1535.690476,616.3952381,4.5
2011,11,1737.477273,33.08181818,1596.511364,627.0681818,4.3
2011,12,1655.944444,30.60166667,1469.180556,642.9583333,4.1
2012,1,1656.107143,30.76857143,1506.833333,658.9404762,3.7
2012,2,1742.857143,34.14047619,1658.071429,689.8095238,3.2
2012,3,1674.414773,32.95318182,1656.659091,684.8863636,3.1
2012,4,1649.302632,31.55236842,1587.210526,656.1315789,3.1
2012,5,1585.309091,28.66590909,1468.727273,617.3295455,2.8
2012,6,1596.164474,28.04710526,1447.131579,612.7236842,2.5
2012,7,1593.346591,27.43181818,1426.409091,579.3409091,2.3
2012,8,1625.857955,28.69681818,1450.136364,600.1363636,2.4
2012,9,1743.1875,33.6085,1620.775,657.525,2.3
2012,10,1746.744565,33.16391304,1636.043478,620.4891304,2.1
2012,11,1722.795455,32.77318182,1576.522727,635.6363636,2.4
2012,12,1686.529412,32.18588235,1592.147059,691.2058824,2.4
2013,1,1671.420455,31.11227273,1643.625,712.5113636,2.4
2013,2,1629.1375,30.32875,1674.75,751.7,2.4
2013,3,1591.9375,28.7985,1583.05,755.0875,2.5
2013,4,1485.494048,25.19857143,1489.059524,703.0952381,2.5
2013,5,1415.011905,23.01190476,1476.47619,720.952381,2.2
2013,6,1342.53125,21.109,1430.975,714.075,2.4
2013,7,1285.53587,19.71021739,1400.695652,717.1413043,2.6
2013,8,1346.071429,21.83833333,1493.428571,740.2619048,2.5
2013,9,1348.630952,22.56380952,1459.404762,708.9285714,2.4
2013,10,1315.293478,21.91695652,1413.521739,724.5,2.4
2013,11,1276.619048,20.75761905,1421.238095,733.6309524,2
2013,12,1224.75,19.62666667,1358.833333,718.8333333,1.9
2014,1,1243.931818,19.90636364,1422.545455,733.8181818,1.9
2014,2,1299.84375,20.82775,1409.525,727.55,1.8
2014,3,1336.321429,20.73571429,1451.119048,772.1428571,1.6
2014,4,1299.0875,19.7095,1431.325,791.0375,1.5
2014,5,1288.21875,19.36025,1456.1,820.35,1.7
2014,6,1278.47619,19.78095238,1452.595238,832.2619048,1.5
2014,7,1311.978261,20.92456522,1492,871.3043478,1.8
2014,8,1296.49625,19.8005,1449.125,875.8,1.6
2014,9,1240.073864,18.49136364,1363.818182,842.9772727,1.5
2014,10,1223.027174,17.19,1260.380435,777.9782609,1.3
2014,11,1176.35625,15.973,1209.3,779.45,1.3
2014,12,1202.013158,16.27894737,1217.921053,805.1315789,1.1
2015,1,1250.589286,17.09809524,1243.309524,784.5952381,0.7
2015,2,1229.14375,16.8425,1199.075,785.8,0.5
2015,3,1179.632955,16.22227273,1139.590909,787.0681818,0.4
2015,4,1198.08125,16.319,1150.625,768,0.3
2015,5,1198.368421,16.80052632,1141.157895,784.6052632,0.3
2015,6,1181.876136,16.09636364,1090,727.5909091,0.4
2015,7,1130.808696,15.07217391,1014.369565,643.0217391,0.3
2015,8,1117.5,14.9375,983.85,594.675,0.5
2015,9,1124.718182,14.71818182,967.2272727,607.2272727,0.4
2015,10,1158.184091,15.70681818,976.25,690.4318182,0.2
2015,11,1087.045238,14.50666667,886.5,575.7261905,0.2
2015,12,1068.35,14.05842105,858.6842105,551.4473684,0.4
2016,1,1096.515,14.01575,853.775,499.05,0.5
2016,2,1197.402381,15.06809524,919.4761905,505,0.6
2016,3,1246.325,15.42047619,968.0238095,565.5952381,0.6
2016,4,1241.857143,16.25880952,993.5,573.4047619,0.8
2016,5,1259.57625,16.88875,1034.775,577.125,0.7
2016,6,1274.992045,17.18113636,984.2272727,552.2045455,0.7
2016,7,1337.377381,19.92857143,1086.357143,644.1428571,0.8
2016,8,1340.975,19.64022727,1125.454545,699.9772727,0.9
2016,9,1326.346591,19.28477273,1047.25,682.2727273,1
2016,10,1267.74881,17.73714286,959.7857143,649.5,1.3
2016,11,1238.136364,17.41545455,953.7727273,694.6363636,1.3
2016,12,1152.179167,16.41888889,920.6111111,711.9583333,1.5
2017,1,1192.632143,16.80761905,971.3333333,747.3809524,1.8
2017,2,1233.87375,17.87425,1006.875,773.9,1.9
2017,3,1231.078261,17.58782609,963.3043478,775.673913,2.3
2017,4,1266.388889,18.05833333,960.5277778,799.5277778,2.3
2017,5,1245.127381,16.7647619,928.9047619,793.2619048,2.6
2017,6,1260.767045,16.94590909,931.9318182,863.9090909,2.7
2017,7,1235.660714,16.14380952,917.6666667,855.8333333,2.6
2017,8,1282.018182,16.90909091,972.1363636,911.2954545,2.6
2017,9,1316.011905,17.44857143,967.6666667,936.047619,2.7
2017,10,1280.095455,16.93727273,921.1590909,958.3409091,2.8
2017,11,1282.736364,17.005,933.7045455,1000.261364,2.8
2017,12,1262.488235,16.11852941,905.3823529,1018.382353,2.8
2018,1,1332.2375,17.16840909,989.2159091,1094.863636,2.7
2018,2,1332.65,16.65925,989.075,1022.9,2.7
2018,3,1325.109524,16.47047619,954.7619048,987.1428571,2.5
2018,4,1334.56,16.6085,924.025,970.25,2.3
2018,5,1303.164286,16.46833333,904.3333333,979.1428571,2.2
2018,6,1281.846429,16.52333333,884.8571429,985.3095238,2.3
2018,7,1238.294318,15.71,831.4204545,931.0681818,2.3
2018,8,1201.552273,15.005,805.7159091,917.5909091,2.3
2018,9,1198.835,14.263,804.2625,1011.025,2.4
2018,10,1215.059783,14.58369565,829.076087,1082.891304,2.2
2018,11,1221.110227,14.36681818,846.6590909,1139.306818,2.2
2018,12,1249.452778,14.69638889,791.7777778,1247.5,2.2
2019,1,1291.6875,15.59022727,807.3409091,1331.227273,2
2019,2,1319.91,15.80625,817.775,1441.45,1.8
2019,3,1301.591667,15.32071429,842.7857143,1533.333333,1.8
2019,4,1287.0475,15.042,886.85,1389,1.8
2019,5,1283.52619,14.62547619,833.4285714,1331.166667,2
2019,6,1358.765,14.99575,808.4,1441.675,1.9
2019,7,1413.794565,15.74521739,844.5434783,1544.130435,1.9
2019,8,1496.47375,17.0755,855.4,1451,2
2019,9,1510.825,18.17,944.3095238,1600.857143,1.7
2019,10,1494.780435,17.62456522,896.6956522,1726.065217,1.7
2019,11,1470.969048,17.17952381,901.9285714,1768.547619,1.5
2019,12,1478.768421,17.08947368,922.5263158,1904.447368,1.5
2020,1,1560.670455,17.965,987.9545455,2243.613636,1.4
2020,2,1597.96,17.922,963.075,2528.525,1.8
2020,3,1592.845455,14.91818182,762.25,2121.022727,1.7
2020,4,1679.992105,15.01868421,755.2105263,2103.105263,1.5
2020,5,1716.039474,16.23236842,794.2368421,1903.552632,0.9
2020,6,1733.125,17.71977273,821.4090909,1922.840909,0.7
2020,7,1842.059783,20.405,861.9130435,2037.065217,0.8
2020,8,1969.8675,26.8925,941.3,2168.85,1.1
2020,9,1922.847727,25.88613636,908.5,2295.090909,0.5
2020,10,1901.4,24.24613636,877.1590909,2348.431818,0.7
2020,11,1866.497619,24.04333333,913.9047619,2352.761905,0.9
2020,12,1856.083333,24.88738095,1027.142857,2343.142857,0.6
2021,1,1868.33,25.89675,1090.225,2377.35,0.8
2021,2,1811.09,27.351,1206.775,2347.125,0.9
2021,3,1719.892391,25.61347826,1180.73913,2473.326087,0.7
2021,4,1760.23875,25.64025,1208.325,2776.425,1
2021,5,1850.392105,27.46315789,1215.973684,2877.684211,1.6
2021,6,1835.331818,26.98159091,1124.636364,2721.863636,2.1
2021,7,1806.482955,25.75318182,1088.022727,2732.454545,2.4
2021,8,1784.027381,24.01595238,1008.666667,2541.547619,2.1
2021,9,1779.101136,23.30727273,975.6136364,2120.840909,3
2021,10,1775.677381,23.29642857,1017.142857,2016.880952,2.9
2021,11,1820.263636,24.19636364,1035.522727,2005.181818,3.8
2021,12,1788.541667,22.46809524,959.3692857,1803.642857,4.6
2022,1,1816.5375,23.1285,995.125,2027.25,4.8
2022,2,1857.00625,23.465,1049.4,2347.55,4.9
2022,3,1947.622826,25.24021739,1044.434783,2597.086957,5.5
2022,4,1934.469737,24.54105263,963.7631579,2321.763158,6.2
2022,5,1849.921429,21.90357143,959.1666667,2054.809524,7.8
2022,6,1834.575,21.49025,950.85,1906.1,7.9
2022,7,1737.605952,19.07619048,870.7142857,1972.547619,8.2
2022,8,1765.639773,19.75,910.7727273,2134.931818,8.8
2022,9,1684.175,18.83571429,878.1190476,2113.261905,8.6
2022,10,1665.02619,19.36309524,913.1428571,2082.952381,8.8
2022,11,1725.922727,20.99886364,988.8636364,1914.75,9.6
2022,12,1705.6525,23.242,960.05,1735.5,9.3
2023,1,1898.166667,23.74809524,1054.166667,1735.047619,9.2
2023,2,1856.32375,22.0095,957.725,1544.625,8.8
2023,3,1910.658696,21.91652174,928.4782609,1362.782609,9.2
2023,4,1999.629167,24.99611111,1023.555556,1471.5,8.9
2023,5,1941.005,24.19368421,1060.55,1483.175,7.8
2023,6,1943.256818,23.40840909,972.7954545,1348.886364,7.9
2023,7,1949.210714,24.04095238,947.4761905,1265.952381,7.3
2023,8,1920.621591,23.43863636,924.0454545,1249.045455,6.4
2023,9,1917.695238,23.23857143,922.2857143,1238.142857,6.3
2023,10,1828.279167,21.27916667,877.75,1174.75,6.3
